{"cameraMode":{"drawMode":0,"name":"Shaded","section":"Shading Mode"},"sceneLighting":true,"audioPlay":false,"sceneViewState":{"showFog":true,"showMaterialUpdate":false,"showSkybox":true,"showFlares":true,"showImageEffects":true,"showParticleSystems":true},"in2DMode":false,"pivot":{"x":1.702364444732666,"y":5.599018096923828,"z":-1.3152503967285157},"rotation":{"x":-0.3285472095012665,"y":-0.07951263338327408,"z":0.027783796191215516,"w":-0.940747857093811},"size":26.47391700744629,"orthographic":true}